iso,0-4,5-9,10-14,15-19,20-24,25-29,30-34,35-39,40-44,45-49,50-54,55-59,60-64,65-69,70-74,75-79,80-84,85-89,90-94,95-99,100+
533,5.575257033741263,5.525402364804485,6.52343639767094,6.84702141869456,7.159318590147588,6.65230601360186,4.956306615620503,5.6251117026780415,6.49803873613711,7.205410642560839,7.883622270927202,8.488462877084725,7.002229350290191,5.455793959119172,3.830343620954012,2.390202146572727,1.4899961433180633,0.6518733127016527,0.19565605922358406,0.04044812762795248,0.003762616523530463
004,14.822611899865718,14.199954013690796,13.449686353866358,11.879509140442698,9.974920453858113,7.84503197368092,6.292800829362324,5.22477444982365,4.187332882653133,3.295234234317832,2.616246142364034,2.0464407046183486,1.549704972880196,1.1336069467033292,0.7880524550955941,0.41785136264868106,0.19297215951408345,0.06502065611743432,0.015695910154728134,0.0024551967986126398,9.726154341399112e-05
024,17.817494817566367,15.633402218781983,13.171144126564215,10.658947776107304,8.752731592561,7.390912493862194,6.1965670770288765,5.012851568181653,4.0384915158220505,3.2417165978550586,2.395003421648921,2.0664534840662454,1.4249261255958665,0.9150393213901934,0.6506616010111955,0.3649203735682106,0.18847584118534125,0.06316672782870006,0.014890669212565766,0.0020863904530794824,0.00011625970898183865
008,5.868035584552536,5.722734424816022,5.8090265134698615,7.21833668701554,8.175220841448528,8.550240843788064,7.498213240038836,5.600064979400628,5.401690366907991,6.067555667248543,6.562502928759043,7.048772385698562,6.275232886241272,4.762726260737482,3.6614781494616464,2.932716121590621,1.7929038468013438,0.7838140200693322,0.2331552532131307,0.03391286026339567,0.001666138477628446
784,5.130020635531801,5.17057116474589,4.426230481347678,4.120259236810792,7.646988503996612,14.364753750207512,17.63707501520389,13.804548496160804,9.708290014273539,7.236805879233113,4.6316032524758635,3.3240585000234377,1.6420405615828668,0.5001266052615796,0.3555182187734826,0.18063510603216248,0.06695647706172626,0.041011098071895014,0.009109028521084741,0.003090928779064709,0.0003070459052051036
032,8.356019644634657,8.23838184663362,8.001083056474696,7.876978183111353,7.786885749265728,7.8219231844986705,7.314880805168746,6.963376501135813,6.7782296716161605,5.71857838230442,5.0652228891145565,4.6842371179085625,4.151018268483002,3.6163858628750014,2.9060995619204038,2.083383066467846,1.3880384786517843,0.8088958015929861,0.3424914876785577,0.08928851563760483,0.008601924825831678
051,7.045272587607785,7.1976530634324725,6.523081229917017,5.703803730430925,6.291856451979357,8.252685845351568,9.021113503337695,7.716801544969653,6.210374990533273,5.42730771727488,5.752861655973775,6.945804347120492,6.427805396574668,4.13489678564087,2.6010843458221986,1.5479449090653363,2.095764045916325,0.6989148427441604,0.3404640318514752,0.055684633610663316,0.008824340845405664
028,7.599238016784224,7.3418112546980385,7.016423827421099,7.384029243680175,7.822684446275034,7.475673170982856,7.266642640168872,7.2306028934768065,7.1338104309324,7.1729392987695,6.934047263553518,6.009370334139938,4.559542810070535,3.333161715491942,2.4589404314472527,1.5620655923389797,0.9246769294135818,0.531328836945889,0.19358492508881225,0.04530711012716882,0.004118828193378984
036,6.56605907186389,6.449105669121383,6.2601891823260525,5.9580132681564235,6.3823324022346375,7.114068848400202,7.408130713560183,7.123131189690198,6.4126896584560695,6.61183500507872,6.161638204672422,6.1132038788725245,5.518267521584559,4.817789010919248,4.146572657440325,2.8710243143727787,2.001483938547486,1.2728145632300658,0.6126960068562722,0.1827744095987811,0.01618048501777552
040,4.939348581837316,4.697855123578631,4.724767138486771,5.069642934512906,5.7826661610334575,6.7735866502112545,6.869554225365009,6.804518717138866,6.288902378396777,7.06170154508466,8.068032233670436,7.5983784896843245,6.245764986865598,4.925691571782274,4.608688136424486,4.211562830956366,2.7630822542843703,1.5534151011914097,0.7779694002573727,0.22243171159968145,0.012439827638036305
031,8.443379039561117,8.286567329361024,6.712001002416568,6.399810743114929,7.483748301480168,9.103210390338344,9.266640518111624,7.895344206978719,6.431041712054249,6.148659213101005,6.3769697381067285,6.379199099815589,4.627050179249639,2.7695340604170955,1.3682906538289936,0.9461948527820094,0.9130032398398084,0.3384748319494206,0.09288675370001888,0.016879452938522662,0.001114680854430742
108,17.507337230391855,15.321965240768089,12.571348337555008,10.18188421967088,8.923040017858604,8.464788882637876,7.318436883080526,5.399244114149708,3.5821104182383934,2.4988862222593022,2.2308684118756594,1.9968211478055264,1.6911989746913794,1.1084787864475472,0.5629987120332313,0.3551686962413069,0.18853349663247554,0.07476642322409363,0.018819526551013016,0.003165496401437673,0.00013876148609041854
056,5.511136438991325,5.799914137099515,5.747294079394238,5.509602553909994,5.760709074342817,6.331721627415672,6.447144313281382,6.539186084178572,6.5126594048907185,6.6956683605264296,6.952537782535999,6.929477510211601,6.256855903022412,5.422301094535331,4.636137327258108,3.238889342410466,2.7866965540275053,1.8538171120219675,0.8218070968789685,0.2310793542014499,0.015364848865522997
204,15.881528495104293,14.028598907733569,12.295403414074054,10.654173533935252,9.193561644416011,7.763056990208581,6.4345085012901295,5.337962825656821,4.416171305338887,3.6350525160683502,2.9735830830046224,2.34258525652161,1.7789452722827859,1.3084487528757789,0.9150294674671536,0.6067967952275838,0.2875651949174445,0.1102434932188812,0.030513975332912474,0.00589773030594476,0.00037284501934133535
854,16.771797311816687,14.874820029464528,13.031210180488708,10.981635008878825,9.144068056001311,7.576197327524278,6.315525194103433,5.278518951122517,4.2177840070129085,3.2843189503548533,2.6217901912379777,2.0015124955576353,1.4935303120624377,1.0488853563207463,0.7057541657353816,0.4129640395520344,0.17610022782899312,0.052033862657569256,0.010338863764285323,0.001210547589725935,4.920925161487541e-06
050,8.843351386113184,9.029312205935677,9.341701629513254,9.599014016722736,9.312054199518073,8.842336949546189,8.363820351674246,7.691178375588122,6.695284408791367,5.659011696030424,4.976324099308973,3.904792049304954,2.5614627581599234,1.6660384908267674,1.4510687104566389,1.0419760051651137,0.6050016273611034,0.2881938234760039,0.10051079211776408,0.02456482066586132,0.0030016037236274174
100,4.493396966564554,4.977531800901585,5.214356447807437,4.377384603340857,4.448954845891126,5.902873609523042,6.946913451148523,6.9290708896824,7.729671908294092,7.436762476507533,6.773644893884616,6.756930885145332,6.759187990599012,6.612776131138397,5.949572835650152,3.947691723965717,2.733968979942618,1.4865467943674076,0.43797845635700894,0.08252720383490787,0.002257105453681053
048,6.595928255798932,6.516167793102944,5.594443943445018,5.216419565625373,6.250929218530263,13.156637605991845,16.360095639436402,11.961632109892735,8.47995690863314,6.409414293757358,4.804760523628351,3.545776046757058,2.590417532921756,1.1427864613164802,0.6229724756331482,0.4071500471616487,0.23056806023042184,0.0764701151134195,0.033147205276255136,0.0038996712089711936,0.00042652653848122433
044,6.84517543634431,7.065209019066153,8.164863435399475,8.367438110740823,8.592606666221636,8.25498220731939,7.040561149823102,7.03902065799541,7.164313993314265,7.356875471775623,6.484700348664651,5.893408235469312,4.247392717581634,2.863004061763452,1.9831264795140258,1.3964558418017592,0.7789753675356752,0.3247870270048217,0.11040191431784452,0.024647869243053663,0.002053989103587805
070,4.168347977398336,5.119363973782458,5.406035027003972,5.239812468721562,6.617245219321684,5.79019180877529,6.852871072851952,7.335846514203593,6.684437060814372,6.913549728627359,7.231696130501218,8.166444309535668,7.2728352291247855,6.449538260573476,4.06886285230276,3.0512608921670914,2.4956104157654235,0.6889738733400464,0.3657078045535347,0.07682529757685258,0.004544083058567777
112,5.886340720127536,6.112801509117942,5.037245002834727,4.594997952373834,4.8637548375234285,7.2734156975221875,8.527328853417156,7.449074622141298,6.8936077564988985,6.635567716124005,6.580036898530311,7.960954715353514,6.984198419683279,5.611839267640661,2.895071510341966,2.7440094900675582,2.337827319998532,1.0610945844598978,0.4705890318542077,0.07627685175281773,0.0039672426362422535
084,10.073779941078518,9.831945689765595,9.798642244139872,10.221852183937493,9.93518637120533,9.11079800179326,7.976943768412963,6.8223389266043295,5.7625208146535165,5.221980274112977,4.3335468169591405,3.5122326117586784,2.5310618675547585,1.7837837837837842,1.2150634046368645,0.8118355322146791,0.5664147559882157,0.32099397976175226,0.14499807864736775,0.021006788779300626,0.00307416421160497
068,10.310775524335275,10.238770597078927,10.075721562765755,9.8124996905699,9.146345541483567,8.331030883860048,7.420138153917002,6.5283801471037215,5.660264771411282,4.822723261091864,4.06062623788326,3.4065452913163883,2.8475299573937547,2.3686928482604297,1.9023545437497684,1.3879579446058885,0.8840363686551521,0.4994484109884905,0.21786484805440345,0.06671530111652804,0.011578114358590269
076,6.904517038960888,6.925497897012503,7.17916300960629,7.8092980633611395,8.152960538137972,8.042954127746674,8.179509283790408,8.137127760997172,7.251552181931293,6.443298740709282,6.018189029845645,5.366157219244835,4.338144926073014,3.3814580738276883,2.390711442464837,1.5899135974813567,1.0571646931827408,0.5293752884601457,0.2311921876495724,0.06293878357524235,0.008876115941301908
052,5.268970803428333,5.529579820221588,6.251132325273501,6.637516549369383,6.547278935265836,6.5221935753606015,6.347292871576895,6.646226743780921,6.637864957145842,7.087310988781271,6.898125566162637,7.085917357675424,6.310361647271968,5.070029963068776,3.960699602815135,2.7761131628457947,2.0859173576754237,1.297122151766427,0.7065709706640653,0.2633962790049474,0.07037837084523726
096,7.53526457664045,7.835290425021232,7.244931871053506,7.916066614969906,8.111544994645692,8.079926886008641,8.915383479192053,8.800912078579078,8.099774749824599,7.3201691222628416,6.246076585059637,4.9287323215538565,3.756554410841549,2.3969757394483215,1.2954192976625678,0.7366788523318932,0.4899652893172335,0.2100180938665485,0.06485174107307706,0.014308925076621985,0.0011539455706953215
064,8.329128952827505,8.216429714333639,8.794340925680094,9.265449951709687,9.898007189163053,10.35076982753085,9.663435518344423,7.929439793052747,6.300149523059443,4.991527900269037,4.222290074735321,3.250717802417268,2.6946912106388083,1.9861275100151619,1.6492092051689635,1.202605711230479,0.7106604306421367,0.3565751487695471,0.13917045497730945,0.04141041786518812,0.007862737569339516
072,11.811466934525384,11.445490779623404,10.507261789936374,9.572765921981226,8.735591669408631,8.53860438546305,8.052386984080407,7.558616522449517,6.1779257907489775,4.5672573970070784,3.328598924687308,2.833092127367168,2.5046208233530205,1.8611782253086555,1.2178224440487528,0.7761420530954091,0.3342012117886775,0.13521714180045855,0.036853725004362535,0.004818331537672842,8.681678446257372e-05
140,15.402098720005867,14.658164562003787,13.859796197318625,12.229636064231947,9.779843875192881,7.287334637394003,5.739953274671677,4.657823162798109,3.8226384763648484,3.266663547710962,2.672860744106965,2.142406459778748,1.6660070496828567,1.1872684228073214,0.7810876641508495,0.5033530881244076,0.2461446124887201,0.07995485100875037,0.015320816205419481,0.001601625903180028,4.214805008368495e-05
124,5.292173536916392,5.293173241896501,5.260490373469199,5.36224109478708,6.434871078286336,7.225220728310737,6.931048182385322,6.981715048422742,6.4812450935268116,6.343021178482702,6.641248677495894,7.4189576728386335,6.686526759469405,5.60508386869896,4.5944436129904656,3.0948032795776284,2.1002411667979155,1.3607348013368354,0.6690672594828098,0.20202326922934533,0.02167007559827866
756,5.225318782437381,4.968630697743931,4.746745015137881,4.980037505117059,5.692660336354159,6.497736505310392,6.977753582930575,7.119523903139446,6.5902131222282465,7.1105963304300674,7.935611133090553,7.310424972248285,6.006789843890858,5.095921356348546,4.833017725596678,3.6871224477704985,2.563109616741748,1.6461652583333417,0.7774670392735215,0.21583309093867664,0.01932173493815473
152,6.241904893062935,6.690310565593616,6.562049932896389,6.659073814500657,7.570923122503731,8.365122795520376,7.948639816251923,7.241322633690789,6.9079072511210535,6.582860363016425,6.378797844136527,5.907930203801332,5.061588372963642,4.105479965607915,2.924150361689392,2.0902926783324323,1.4005514447393117,0.8394243678845041,0.39504464823962177,0.10828916261499097,0.018335761832436463
156,5.931231780253782,6.036112663499313,5.837152805334044,5.776433674208647,6.1778092814295995,7.275477854995718,8.872692701822139,6.715875242358385,6.969090076664089,8.598194113090807,8.41525933606448,6.553791657995786,5.368670074118824,4.983002345377492,2.885917536297379,1.779693557848055,1.1093809400086272,0.5140695239543847,0.15866207801727458,0.03675128981729275,0.0047314668438842855
384,15.749726810209484,13.753961747752047,12.210994521272173,11.072805477747913,9.5936259578169,7.981637042039146,6.547634648094765,5.40320059989375,4.4555191959233715,3.4935201660377984,2.7909182544441995,2.274624352858474,1.7986935574649698,1.2986265578195275,0.8062277706414319,0.4864454234420366,0.2120268524313172,0.059385872617303236,0.009573599946555824,0.0008399259092022982,1.1665637627809696e-05
120,15.6843380028286,14.170397899830448,12.507375933123894,10.70230940664166,9.12138159009602,8.073677364618174,6.9970394243987775,5.720400610796244,4.455104184367007,3.4834152078495353,2.709338826939016,2.0797068771617924,1.5718461777527133,1.1727178141214227,0.7861878089858526,0.4645625372661184,0.21994183345611584,0.06723504328482953,0.011895014555161816,0.0011129838180268367,1.5458108583706063e-05
180,17.862266068615497,15.322322989317492,12.816813375582626,10.496895359607457,8.59615077753784,7.177843417015583,5.949530206433608,4.921890877841598,4.0403941594251815,3.316245185954368,2.695279084880273,2.138837277097176,1.6485927554776778,1.2261032929995723,0.8798605959101523,0.5309079268948663,0.2590189323224493,0.0937117970435658,0.02332165890793178,0.0038206917118078047,0.0001935694232761493
178,15.109200756880908,14.07989178706898,12.348157783761108,10.27413236271776,8.556318990993965,7.220328657004744,6.498109935074843,5.999457671522532,5.329631820668069,4.341285563821821,3.3563776472199716,2.448600065830276,1.7171814605437448,1.1967282612796608,0.7804846498552274,0.4560726013906135,0.21143004659601528,0.06445494036524095,0.011188545011497995,0.0009664523930197603,0.0
170,7.410135626649665,7.387006646060822,7.823789389167457,8.52842571182204,8.78065734656619,8.659380676897834,7.901064777375468,7.329580504098942,6.6422407574116376,5.9506141138669335,5.736221594664843,5.081565960116007,4.00361799791865,3.2139986133736116,2.2345201554971514,1.504875610165174,0.9873251875274026,0.5343185859247588,0.2198594052778852,0.06333006108152607,0.007471278535998105
174,14.395733413562956,13.196989978739932,11.69327211123399,10.312601731596645,9.18590042672916,8.240655971211352,7.31139476149119,6.08632598064852,4.8222392762410236,3.9122519805709537,3.211809738262598,2.5948094409272158,1.9807472402458128,1.3451781720572904,0.8035106729299052,0.5234512998727217,0.26184317380252,0.09390156906113707,0.02362229709798317,0.0036432398509327283,0.00011752386615912026
132,9.560930726484537,9.61166390270868,9.23398359081784,8.889398039044544,8.644642285647784,9.610754706002153,9.368726542724973,7.95056151988595,6.198903145093246,5.128960460853627,4.525799365744378,3.9379127753047625,2.638852521020628,1.8134837508364607,0.7959107968927293,0.8455529370690407,0.7442684239620609,0.38495388554304494,0.10164819178959006,0.012183235867446391,0.0009091967065258504
188,6.957181894384239,7.081420115576612,7.040013979028684,7.308777447167058,8.053473747023562,8.468307762897764,8.450536803814753,7.650903079725039,6.696858145944151,5.9441777920068715,6.077073659931995,5.779940054216285,4.610840760517801,3.387596504529613,2.623999987320609,1.7313114195152868,1.1353404149053374,0.6307204608324694,0.2772824340310102,0.08265378070715737,0.011589755923702556
192,5.183048742999064,5.503276838790262,5.356005267224095,5.800634650386412,6.2580050406388725,6.5638421512749305,7.274920933404063,5.841619399647981,5.85064575023885,8.688660962507203,8.894317052020368,8.103809914056438,5.116167279187934,4.957910559541974,3.8769455182536983,3.0500153350902512,1.9418300674355744,1.0440920020710314,0.4971110384061953,0.17033597082768193,0.026805525997124977
531,5.656521153822618,6.3430872220386485,6.494841575797629,6.676579652678343,5.89883858966357,6.000416100647403,5.614911089082254,5.677938098909571,5.783187086194027,6.8901371908311,7.284208980431031,7.805558615119139,6.705339550366537,5.677938098909571,4.583838161324668,3.0534444566826986,2.0792794115847317,1.117352620822166,0.4717847046297317,0.1584853936434507,0.026312246821113442
196,5.452150181924672,5.619349009196769,5.635618356161869,6.260528144718763,7.792766898636963,8.396818550059113,8.108141932114272,7.627987615272494,7.134817820858638,6.50715475819996,6.2470120718554485,5.884247350808003,5.285201652298191,4.4957628780224494,3.6922240030436186,2.6460632769134627,1.8443599180024912,0.9253503958457264,0.3555060893245551,0.08109643717987974,0.007842659562663267
203,5.197604351227729,5.270968031042137,5.254353150227243,4.418155012908809,4.5858942094240245,6.135007319996335,6.749308859314526,7.380449804864027,8.77918701779074,7.819163113318071,6.32897856932966,6.142725381185688,6.137327415965984,6.444403343819606,5.570587844025562,3.6660790649414503,2.1176582410697593,1.3519891501834609,0.5202160346135867,0.12656684827966289,0.003377236471946064
276,4.774405033128266,4.477496779250271,4.547657307559193,4.969470603276252,5.449602533231389,5.831520978741525,6.518011981865499,6.3780848568097674,5.972420360418643,6.480370563877112,8.218760613477166,8.03526633395614,6.78421632374565,5.605501248278121,4.590171982258232,4.497309501311976,3.839394700806285,1.8581691916901515,0.8978730030498564,0.2531124035818077,0.021183699686692696
262,10.278083358241991,9.856947256298296,9.069936326275707,9.357849617433804,9.212198155834738,8.940719444264694,8.741244734514773,7.642079508441725,6.655593868669221,5.328296134689597,4.220400038210398,3.534769921021573,2.5524956422685063,1.7853089238740003,1.3893382719244995,0.8176203345053243,0.4101454768441909,0.1580801124125244,0.04139459733739268,0.007087412447345148,0.000410864489701168
208,5.238382592006032,5.293130813425165,5.869477121567212,5.911751064688317,6.575365344757,6.851653283671845,5.932957337794968,5.546410639034756,6.343638299984564,6.6866289770208205,7.321448464684884,6.6072094051900265,5.856656335538683,5.529310482534537,6.004493858756866,3.8180647300696116,2.4332639105095275,1.31918958078975,0.6404155875116535,0.19846230264435644,0.022089867819428587
214,9.372837604247787,9.25775193996959,9.078116245367218,8.936054032062891,8.790453300073741,8.461883216405466,7.568779724138945,6.7801090925310525,6.141443717485787,5.5637991659711465,4.9565055526342086,4.300408317120555,3.493495690503277,2.610020693815982,1.8108369369576582,1.2422342318718662,0.862951588315327,0.4716379812303933,0.20657499606339794,0.07368499566578021,0.020420977567933277
012,11.670753949301714,10.4717472539811,8.407875083611954,6.611263860631119,7.214282638346632,8.486719664532973,8.650334073861519,8.058873128953872,6.733004353187116,5.4589832349640055,4.65740943720276,3.8970801002874267,3.128890693793755,2.517549626096212,1.5783084749342056,1.1618943455207615,0.7754943470444629,0.3801518935218858,0.11452381519787193,0.022806744441404785,0.002053280587249397
218,9.568912290601801,9.198782962044204,8.939269377771183,8.998174650276567,8.928874329682,8.323883682059567,7.6997318411431745,6.9255252362815725,6.203149975851371,5.575878469340105,4.8412432684724935,4.059013021841055,3.3653939409532487,2.661846035063314,1.7966626139793136,1.3439369730851711,0.8367898594982046,0.4574339184893543,0.1969418413175764,0.06486832334723773,0.013687388901484588
818,12.754320670059665,11.772694117304273,9.30781569424456,8.591459692797178,8.334226948768567,8.076030942918269,7.951362749011773,6.913020296484418,5.797332003826152,4.736456994518521,4.112027250248596,3.5361620391665043,2.8407607178442262,2.098032062075102,1.5884765197459956,0.8146087072593033,0.4852478743117646,0.21305618222084646,0.06301644891586974,0.012967675692556116,0.0009244125858574336
232,14.031133082231188,13.956157016238524,13.597633021037906,10.137038634120227,8.095413477848606,8.332265787008495,7.515621443498015,5.245951235246415,4.06123216959346,3.8017040326943685,2.41058632313026,2.377930843586544,1.933536090881744,1.7100948324276346,1.3255208005682395,0.8266525903058406,0.4222908247824779,0.16267690291085568,0.04606653024949702,0.009779486868608306,0.0007148747710970983
732,9.666791425304485,9.37063273231718,8.394081633353819,8.26394349463824,8.581219590082032,9.332690082375038,9.433641567288973,8.751875671722253,7.551617455679207,6.077691438696009,4.788843144055021,3.7506566997105373,2.8525661936139604,1.6607206013137428,0.7792836565039883,0.4099866428137308,0.22216194129018746,0.08326780643411197,0.024036067836650885,0.0041204687719972955,0.00017168619883322058
724,4.3139063361272925,4.973033872978246,5.289726622598877,4.728804392223666,4.846416255188473,5.107484721562559,5.812086078155745,7.364433006962267,8.666745605206621,8.312397289141558,7.685991303380709,7.173061251842286,6.0774274103852495,5.0497015391431965,4.6548455133261,3.736297034742358,2.7440357361360483,2.216436296362895,0.9649081102759708,0.2559226264230173,0.026338997836864338
233,5.2078642234860055,5.685592490923313,5.569800150718629,4.548715383936472,4.648138383538932,6.818320686697611,7.615741421748893,6.848645455923853,6.801875911346066,7.045907325393072,5.900732395981138,6.796444609395097,6.521258643879337,5.987633227196643,4.093014063300315,4.075664070956944,3.2055242375621305,1.7081444635797258,0.7558561881765082,0.1550184098505713,0.010108256408747714
231,14.776072668777482,13.358742139877643,12.201651007346392,11.420500978927972,10.184983722959164,8.256806024008517,6.445910172105275,5.386658303021751,4.244009697255123,3.535519309882234,2.753253993982765,2.1379855798860525,1.7812292049072722,1.3595051035822805,1.0270236298010742,0.6306174465259358,0.3203739128869113,0.13616678690655354,0.03647168509035336,0.006149249055525489,0.000369383213724253
246,4.899859168906751,5.5626022317869035,5.553889539328137,5.341639674492363,5.7843601386005,6.482984310465407,6.268294168696163,6.479224476375317,6.11621972542727,5.729481021785528,6.480652490284535,6.696391047328901,6.463606704001096,6.5637303627751855,6.234473738010784,3.8196299130231073,2.7950931995989268,1.7029879293057195,0.7978259482419069,0.21046032841789256,0.016593883147610185
242,10.121185902658,9.92814243416802,9.244399997752694,8.327836800737117,8.060407548696283,7.898264518992533,7.54925810855605,7.562741936390044,6.270317038501946,5.4702765870184455,5.338584535173127,4.908338062036845,3.6953553831373496,2.4633829800383165,1.6622188762353152,0.8973487423521415,0.4223809068997871,0.14034417470546262,0.034383760976678585,0.004606974509947132,0.00022473046389986007
250,5.633711449958589,6.045486539641521,6.12278610893652,5.940912175452166,5.6786939801330965,5.7069637123777985,6.1009481553347165,6.194332545126972,6.126375867462921,6.783983394127128,6.6915693753308885,6.514254035971806,6.068210417396332,5.844495376297358,5.158234268102052,3.2193700667785667,2.789002853059622,2.016314239538752,1.0065971562694511,0.3292014311928121,0.028556851510928287
583,10.694045391043042,10.389153948212387,10.371580954389296,10.172127474497193,10.297774380332307,9.144985985537426,6.994930191282037,5.8737731853687265,5.1893050759592665,4.764917275131578,4.472326927977085,4.061118872516716,3.3845586103276477,2.2748240503993467,1.1202783562221577,0.4366888965038528,0.24250731475867884,0.09225821757123652,0.019330293205401937,0.0035145987646185346,0.0
266,14.558602729108,12.440796141726556,10.180163842218782,8.701966051391482,8.285548320934852,8.728938615782727,8.541787682651671,7.132770376943888,5.690382577748648,4.555877855708748,3.4276790062313065,2.4118811844730086,1.7988306979081996,1.3709059007317574,0.9915409251129303,0.6617944211899411,0.3595267925938677,0.13311374781480806,0.025591716384866275,0.0023014133439627944,0.0
826,5.850787176414403,6.092443641590013,5.752431124812511,5.456130927927153,6.1013759466677415,6.679008213826116,6.935620959055614,6.693206314138656,6.324263020785631,6.44733247415181,6.922711171975437,6.609560726502637,5.626352645597868,5.0451382753255976,4.930383625177496,3.4709838763748837,2.515957277223136,1.574755611792485,0.7315620053090056,0.21726143966989805,0.02273354568190649
268,6.857102538780778,7.041727038469401,6.132665926233767,5.43952965914149,6.043018334096034,6.898385968037617,7.281195948419232,6.85592658655346,6.5875592761238435,6.325046706570647,6.3224195792543005,7.008299970901438,6.14620188697798,5.117694052759222,3.5768713715931475,2.565277233239616,2.477581221394024,0.8915969706469814,0.3721013090349911,0.0569711323744402,0.0028272893975896983
288,13.59324512593885,12.55877057483798,11.21285726299334,10.144557187425884,9.234700221166133,8.192407894073279,7.273431285003697,6.141494249858093,5.2129739050001485,4.51387799890446,3.79490889858188,2.9715307369769435,2.057916109674784,1.33075116597625,0.9476965800813456,0.4984999272466851,0.2288589814575372,0.07441681133497302,0.015152283240982976,0.001910062174660688,4.273805210084156e-05
324,16.12680674436987,14.35743343738218,12.965470476840744,11.554934542403656,9.883523493598316,7.9531165520667715,6.1865777377225175,4.801254693649679,3.7513570525034954,3.0162838470329243,2.544458273253704,2.154089127567437,1.7627255604289165,1.329220447967289,0.7927026691602893,0.5075151247979347,0.2291006084371571,0.06873253155819968,0.013178041764917985,0.0014877171332943655,3.132036070093401e-05
312,5.627324721033476,5.854047514298284,7.365866096068472,7.489101307843058,6.732192136943567,4.450715914090309,4.118505779306482,4.5514538255409365,5.703815542134943,7.192136943566773,7.804063512378515,7.758069031716193,6.601957765068192,5.762308522977243,4.6481922169339684,3.244110706715194,2.3704655441347042,1.5558133024037115,0.802653681558213,0.2967143942726873,0.0704915410150782
270,17.09071361879903,14.641674220171607,12.394833061861501,10.661687032733367,9.505148877878566,8.284718294021031,6.5352583980208685,5.02658776945567,4.010527768501544,3.166168021754094,2.712489180882022,2.0314384826655583,1.3779893137782744,1.0575048899005663,0.7943106773619754,0.4535510560140665,0.190569818238818,0.054095589888980514,0.009669054255746913,0.0010648738167122148,0.0
624,15.703757998788081,14.158765922091336,12.291167338915393,10.504675894208804,9.243090275680977,8.229511337299497,7.042889954584168,5.7838031439167565,4.385199561042753,3.422481774320168,2.565911263168197,2.0922309981279765,1.7132971977952185,1.369659058490845,0.7711945759210709,0.4596244708253771,0.1902738068713052,0.060648149112194384,0.01088022589223058,0.0009370529476562224,0.0
226,14.389940279443236,12.331137138988572,10.234059154177565,8.848200049853167,9.817534451047283,10.48450495655547,9.96650398014133,7.372811733489088,4.838854793057725,3.3971689889688803,2.6616135022441303,1.7897730205858189,1.4435294863796129,1.089911223010335,0.6532535092648722,0.4123948547989576,0.1910792326151822,0.06534010038481337,0.011283335619499374,0.001106209374460723,0.0
300,4.0069215001892395,4.68663053976855,5.202945504500331,5.024952613522267,5.069016404524506,5.136940523525578,5.9833281328830275,7.235914195243362,7.503505052584383,7.62915607958102,7.511095673136232,6.7113020616316375,6.356557513224867,5.513616713954481,5.101107065750624,3.8802965822538735,3.8082000089368817,2.423861779287288,0.9573347927693752,0.2334951265351672,0.023822136197311067
308,8.092712630131604,8.131997642899233,7.4909376618274655,6.801664255995428,8.04003499937501,8.6355600792843,8.335565436331493,7.608792700130357,5.692755486509169,5.6115069373761175,5.348118783593152,5.617756825770968,4.912412278352172,3.26690594810807,2.4356707915930067,1.7847895573293335,1.261584614560454,0.648202710665881,0.2366029178050392,0.04374921876395065,0.0026785235977928963
320,11.692914747317007,11.183082694536,10.983321309314418,11.000396098712077,10.080894232088363,8.913665724083689,7.4988072673761845,6.496837921912813,5.208334044308908,4.0513890870140825,3.1897208175240803,2.590243276503065,2.181403882131398,1.7752150047015394,1.1930113262390485,0.8889014778963952,0.6006719799862081,0.3246541985439675,0.11804469658861405,0.026220779188277483,0.0022694340338660986
254,11.905179439040241,10.28735691468694,9.928375678677408,9.662578269256556,8.330840408083267,6.822362742974247,6.3664153110311075,6.922423604735527,6.568943996864072,5.837227454499817,4.9143293343373795,3.900998201655302,3.2576515612589096,2.3536652878211144,1.3919119189335094,0.8998600523342377,0.3610443465613105,0.16848736172861156,0.08733834669197416,0.02922739948353466,0.003782369344928015
316,8.106040228339161,8.011596282016798,8.015780507486776,8.351714038076452,8.247108401326997,7.77249768373233,6.817896530081593,5.948175378821842,5.843569742072388,6.201619893003378,6.140052003945128,5.801727487372606,4.55124181834484,3.7442840491347615,2.7789234585612244,1.6043515944887774,1.220598344242207,0.6031262141725694,0.18709465315759588,0.04662422666547117,0.005977464957111689
328,9.527386541471051,9.318003257641085,9.084347353965061,9.800389639423843,9.9783462680847,8.25626776532209,5.60927469579381,6.382166011944684,5.813164702500719,5.814825460700713,5.403723930886909,4.584203634505445,3.7160103478010917,2.5769857238670117,1.794385359777714,0.9880233783654306,0.8384273897352369,0.2436204528759861,0.1708025933378046,0.08559292261505541,0.014052569384561337
344,4.6438637591971235,3.949244213106313,3.7334203675366187,3.7256071919944667,5.330723920971543,6.700315767943037,7.270838956197402,7.8515824773468355,7.562683251577394,7.5814698371753035,7.830751825169909,8.648754995355803,7.672444247747863,5.907419652382273,4.243428426807019,2.3353998577491035,2.416355652523205,1.5492679888281002,0.7591017779748329,0.2432977141284134,0.044028118287443366
340,10.372062136765484,10.210500308122807,10.576841190242591,10.698274204467543,10.247499670124931,8.919472930441815,7.865729869361267,6.868142523266196,5.7390873942168135,4.623073360315712,3.758574956131233,2.9456458235559313,2.3469251437034293,1.7809046764690009,1.1879298764615311,0.8158328539969879,0.5521482716085612,0.3147921315100562,0.13205263143854054,0.039882562424367295,0.004627485375196719
191,4.525362449546631,4.985668107805269,5.05111131179607,4.893931407871441,5.822314558824918,5.804349757729403,6.3931449030687615,6.923397071253196,6.92475290529814,6.520835416515851,6.940175517559383,7.319058499154661,7.035253379961112,6.544853048169153,4.7922922771450684,3.8119274173613102,3.2691337842611383,1.6966568279923562,0.6241194644746058,0.11563327497597632,0.006028619235556554
332,11.239297886483794,10.989099872246301,10.630077263952423,10.09587165285798,9.386216681957038,8.639529208664877,8.00547523461391,7.111954022519064,5.288944523961876,4.142907991677942,3.711249827866785,3.1653067513776647,2.5303382849396687,1.9637170262234689,1.2927015783161957,0.955857630049474,0.5291270708480337,0.22721140462568004,0.07365659070667976,0.01879592605183716,0.002663570059306163
348,4.720217911175176,4.696531015996398,5.016428007946571,5.027620943593387,5.550828731563665,6.593661329026875,6.290058112400201,6.9627287633664725,8.529646823643116,7.77884246046333,6.457528798060441,5.823496491365745,6.857717549779652,6.797870451062916,4.740177269667145,3.7489106506358496,2.415268238083241,1.3462912558804214,0.4838363270650141,0.15640165705010384,0.005937212174279377
360,8.846082528484828,8.882281621233519,8.486759863305894,8.625475508010668,8.281197984520068,7.633350103983338,7.457746222477199,7.823017697363384,7.177253507611128,6.60318949096188,5.743283301832307,4.723442112917587,3.66662326475606,2.486075899842826,1.6281728473939792,1.0606521888598943,0.5828621506407781,0.21334791328123112,0.06777777947343756,0.010891062631935287,0.0005169504180660064
356,8.546567956444623,8.778428599970878,9.29327144171952,9.198462515586971,8.913623637743203,8.539417800524701,8.127893288388952,7.416378016838634,6.4518972091371865,5.687983833318969,4.935004741650184,4.240736245409809,3.4924165633371764,2.676727147767485,1.6718463234547185,1.0726060859769786,0.6063076954090076,0.2530712871189236,0.07597171481425898,0.018110420410923304,0.003277474976896798
372,6.585174228437984,7.410981018322997,7.154206719593126,6.22828724148991,5.8012926989422215,5.650017675378464,6.562501408090695,7.991667380099285,8.007130776090436,7.306055220094304,6.253663595970751,5.789249683256399,5.036806978722777,4.6685528596222685,3.8554240063180782,2.587179759213419,1.712934649435596,0.8886434771709072,0.3751768049879386,0.12274454592710535,0.012309272835339615
364,9.145393764106576,8.194522961308786,7.314809111664799,6.592698523997662,6.906198458200485,8.63448903551061,10.391938779186258,9.657351392244962,7.4325613923350575,6.058389997439875,5.393613588979592,4.290834589083882,3.6286669111049936,2.554306550290673,1.6366243953832924,1.0648758224390695,0.6785039028380925,0.3409139165616069,0.06879064284196618,0.01390840495211098,0.0006078595296448088
368,13.670737679887766,13.00229347459213,11.347888724304493,10.404581678232404,9.483925479323366,8.358478046231133,7.231102340211043,6.130854737756407,5.3156735416634655,4.386828542550267,3.3851492661318856,2.1907495405470008,1.6931940716647975,1.5166120967124015,0.7924540320593945,0.6118628775103035,0.3140337465060865,0.12437360384645167,0.03262546213680928,0.006161315344666829,0.00041974278772503176
352,6.1090677418688815,6.770942404516322,6.767108014759453,6.290168919616443,6.7278792580160856,7.5000663644381,6.8178399407734265,6.886858956397089,6.363612231113418,6.207877016372844,6.148001545554025,6.321433943787848,5.898471258299242,4.907134029619186,3.9267100640933,2.628031748747187,1.773847692139796,1.251780779089008,0.5353398006707233,0.15367054333302854,0.01415774679459764
376,9.939664566824877,9.481133116384637,8.464767121332418,7.708032939517138,7.1875837796494855,6.6500558961388245,6.604125280595801,6.517792626029243,6.304819181507745,5.656978002603947,4.774729874455534,4.370803387855348,4.130844386182456,4.114329084350349,3.1768773566877933,1.8806785288868708,1.4456112492798765,0.9727360185703828,0.4629918731098959,0.14235791088826735,0.013087819149110991
380,3.934832997446148,4.49385114063906,4.737916830910844,4.742385857976897,4.880786968911624,5.2516930940418725,5.598518330905263,6.128537343923441,7.1417149952472405,8.093877049765673,8.085574832817759,7.526569901826079,6.371415587609677,5.835214915941004,5.491078362027921,4.310802698697799,3.7554558959216777,2.233869438216543,1.048317152020182,0.3112150514981876,0.026371553655112533
388,7.9115388111560785,7.877552847833785,7.74211776645063,8.341213644855502,8.98399607092416,8.580845212592036,7.8026616232672925,6.981062831295308,6.017516677543079,6.097597375551,5.7378617198661175,4.954217312083401,4.04948519066736,2.9584747153929962,2.3293612945328053,1.6102970006878596,1.0824291891261195,0.6142572812043378,0.26130525093308765,0.059119295479799036,0.00708888855724498
400,10.765290227968626,11.577678483130114,11.219213959793091,10.16152038612918,9.201166893047773,8.425980308061112,7.6151759451902,6.9252522620704235,5.8892085161532775,5.169299772107596,4.119594955184263,3.0143747134763594,2.022670052368429,1.4225827601045646,1.0881142049697194,0.7678214858354987,0.4129603174595318,0.15740919570246464,0.03864697188997057,0.005771307533773779,0.00026728182403412015
392,3.866875640896921,4.302288456690458,4.403758342079897,4.533432480716446,4.7536266645564185,4.9169180974419735,5.481288515645073,6.155668133810719,6.9349923256920585,7.847999002430223,6.6519699752560095,6.136380775832793,6.0122355536935945,6.851066936236688,7.109786175105894,5.356382614233,4.104295860125633,2.770495598469305,1.3390067762649684,0.41383711384757177,0.05769496097435495
398,10.499009051972118,10.2806754434578,8.101484591993923,5.7767308142926135,6.2578097091938,8.33061521358977,8.779993043122774,6.954888160355536,6.3141989023270275,5.836219499448749,5.357345286699508,5.647021115949732,4.211578979881169,3.154237137660623,1.5857648039689884,1.3192462229455448,1.1513669541432043,0.2912444417348595,0.13042123390292293,0.01892576781290194,0.0012236255464337055
404,13.332549168298446,13.250753933025448,12.610081335502036,11.15382257534418,9.637045269952713,8.11976010864845,7.513340205048632,6.3338876444305585,5.0303698786892,3.8878291227291264,2.9067389949858646,2.184099974803119,1.6159043124898682,1.1344664175712666,0.6711724835221203,0.3460838327075452,0.19057340679656148,0.06840077333331153,0.011981214961389541,0.0011241305036007651,1.5216656563123721e-05
417,12.041676154885767,11.54312966432668,8.916930895059753,7.7261457599311445,8.203229781988389,9.011462392128497,8.664026019307492,6.572518594961138,5.503089145929356,4.996702697740331,4.61581791721784,4.3620246168435015,3.242999252943997,2.0691565312224363,1.0977187593664504,0.5212714572080929,0.5698230834849499,0.2544946882338757,0.07143245689465046,0.015633156069241632,0.0007169742564158676
116,10.799390193528756,10.564459181312854,9.73536475993571,8.860360165279051,9.481218074718155,9.33042235297129,7.911064673234691,9.31985615904172,3.440521365851008,5.013822789521296,4.386414082467991,3.8034658814443927,2.6358771900135274,2.114051570062418,1.2619990292688426,0.7650603746983449,0.3800129827103828,0.1547686591888099,0.035762502530852135,0.005883586746086596,0.000224425473819798
296,12.719372831780152,12.176042446092104,10.943983402489627,8.6507720563227,9.342051561118293,8.170362560370043,7.602373988164071,6.241072035915924,5.09999319774165,4.236956669614312,4.636589347663424,3.6800217672267186,2.419053125637712,1.7243724916672334,1.1895449289164002,0.6853275287395415,0.2941976736276444,0.12584177947078432,0.04846609074212639,0.01190395211210122,0.0017005645874430312
410,3.84478222878842,4.434102119811062,4.467562135287785,5.071907798721414,6.493364999964862,6.777230478989687,6.516459047986427,7.532938788864571,7.789696579738302,8.471804568521973,8.414740991369111,8.067188257681941,7.058040828246656,4.919857992102343,3.7639257304785985,2.9605671570231284,2.0085379652093924,0.9727767440008184,0.3386938334401815,0.0882727526153082,0.007549001158021071
414,7.056466995968934,7.579133921247458,6.9238333408207176,5.1826481901804975,5.002475590534711,5.9903348571942,9.369212876303427,12.40521625822394,11.99079550956638,10.265012976943376,7.597460184351274,4.6388264346005545,3.2345260141423604,1.46638628197202,0.6855115796549481,0.3766510572542409,0.18635266243047133,0.044852994133456565,0.0034228040038249835,0.0008794704732050304,0.0
418,11.079153006866909,10.751624669988908,10.472300827287317,9.83766411286993,9.686648470957909,9.259363611409288,8.02137568038635,6.693339076214429,5.64808543353917,4.80830065767891,3.899765895766708,3.2072168376512806,2.471331158179923,1.774346617093403,1.1243251928737692,0.7008899977906273,0.3781597934348157,0.14286997507202778,0.03708789062935877,0.005886081175475517,0.0002650131334929736
422,8.633929566428442,8.633200247151716,8.304554394673753,8.608782637766952,8.801177062967094,8.501018421438019,7.59727514649107,7.133792746132128,6.584454880517082,5.998038422873321,5.67649614015066,4.726761991613412,3.5267983992317062,2.7917466729913234,1.8038837126668756,1.1551104568630983,0.9280587796329716,0.457122736265897,0.11167336765218122,0.024038363360866597,0.0020858531314344197
430,14.788245735486115,13.573956520206895,12.390695944848414,10.867315297565062,9.034600174100646,7.442478532110388,6.653131806502809,5.8296373740372935,4.802330145538903,3.88064586559576,3.0900029043779136,2.461024828177894,1.9002003899238744,1.371538797749573,0.8841744619710802,0.6275603185012923,0.29298975528286897,0.09148587893078386,0.016466242986656467,0.0015190261057801172,0.0
434,9.339231124140587,9.712512945497373,9.016469756411444,8.177304955121048,8.008952625713524,8.264963253894937,8.671900786327843,8.52485439589179,8.190421977105558,6.867579900590974,5.133860758606515,3.3436159572039816,2.2899900596876144,1.6928040666604405,1.142597373969248,0.8629200379552613,0.4899333127061154,0.20351303063259898,0.0564223757804001,0.009708661941292695,0.00044264416145711375
662,5.97995557841067,5.9821438340426925,6.248016893333478,7.5155639681827635,8.925347659113537,9.096031598411326,7.705942208168759,7.668194798516362,6.990929680405265,6.926376139260587,6.711927087322342,5.836624834513168,4.377058327953871,3.2364300797619183,2.583782837511078,1.8446994977953324,1.2773942251933872,0.6641355843189601,0.3216735779073712,0.09135967263695743,0.016411917240172
144,7.866671006119285,8.00293231945212,8.086646550740129,7.714075780536373,6.98993431450608,6.641730758787367,6.486771969674729,7.035990976064513,7.076284106714143,6.283467989236783,6.14239513586129,5.7406971968417935,5.0933856143581595,4.127110195615834,3.265553772148912,1.8022218810270283,0.919824829928942,0.4996216891469383,0.1840249929960672,0.038089013865958,0.0025699063775603283
426,11.901986903292622,10.522724909387856,10.0423146832845,10.219045418763855,9.578608240752807,9.014349726410844,8.183771733151646,7.0048139833724425,5.389346373890903,4.120988092319695,3.4661056704875204,3.0825773890998165,2.547821050249216,1.9146300206044702,1.3602055647596278,0.8561277241871257,0.4911382899183962,0.2322531710133362,0.061733419847953226,0.008940053179200543,0.0005175820261642419
440,5.33390152524015,5.405469064523481,4.396892193195393,4.595034626006158,5.399417530822056,6.969736171248982,6.614797413132408,5.593284029640196,6.185645834533675,7.108885209653028,7.110370915531822,8.428083319835151,6.702635243624963,5.7121042632149015,4.071413895553428,4.1909588637031545,3.0803756009408505,2.0047245446945623,0.8688842819927737,0.2115137857199024,0.01587168719296167
442,5.373783963750345,5.217384243093563,5.116041121920322,5.644519513423091,6.47118054991636,7.272668214964352,7.774186737693469,7.803095512643528,7.436701151478733,7.754372858233316,7.707274292303443,6.709271921134263,5.445243856885323,4.322673899274031,3.4653175905023312,2.4911893199941533,1.9666087408442008,1.341821902457246,0.5461809559384795,0.1302518961233008,0.010231757426144577
428,5.900856960046991,5.0701196807115805,5.3367003367003365,4.3581715388568965,4.104125365807609,6.6938858994933765,7.4074598529427185,6.3698773823384425,6.525378394537274,6.941376380628716,6.519084930299883,7.623850131638293,6.812098136085673,5.932534063375185,4.143144844079424,4.5259972518539495,2.7179898675225784,1.857463524130191,0.8945110502742902,0.2396236508386041,0.02575075783798525
446,5.561298099443512,4.8688097632267615,3.589853289280562,3.664957435778928,5.990687710400909,8.610432762271174,10.58843552285602,9.106338727507792,6.740636183647593,7.7340095308879455,7.447333412445116,8.17792031777954,6.707534148184696,4.974673820037349,2.845369774718789,1.2922285164667011,1.0178875904841016,0.6721899182442181,0.3116587867167153,0.08665863057503856,0.011086059046536464
504,9.241164795803963,9.26767297201896,8.460665162196971,8.097924295741532,7.976060166650552,8.266040640861759,7.804360227579876,7.374309760596732,6.298329507817089,5.6348765782276615,5.2324228006946525,4.909104209541155,4.1366107689986835,2.963804933383264,1.7594705998058882,1.3858966960908885,0.8205936614092117,0.3001472426643667,0.06387955000588674,0.00651737017615215,0.00014805973475482374
498,5.105461981402127,5.5088990116386345,5.275349730341224,5.079839080266459,6.335954816635496,8.706295764455298,10.313687625177515,8.487116083119108,7.2603083948637455,6.29319227217259,6.016039540390447,7.199219045631024,6.405576888736758,5.344848139792218,2.380530750201941,2.0170862210623213,1.3408246518030755,0.6612983885767368,0.2271188234834384,0.03949785049581303,0.0018549397540300423
450,14.915630383666528,13.315744943529506,12.13545873223434,10.951397859477732,9.63151591664984,7.939844651545725,6.558934071199311,5.556457403835308,4.72129686985642,3.83549728717528,3.0664415317175755,2.436458691224757,1.8912537089385983,1.3511545310064708,0.7841284458710209,0.4895936143110245,0.2701589725742294,0.11141554773415377,0.03107236055684933,0.006092110786981319,0.00045236610834553914
462,6.863468912678263,7.045781571354313,5.949833884540339,5.362026231928823,10.439659783484883,16.110562833831803,14.35486179645771,9.60814078756055,6.6414166145593985,5.128296883357566,3.7784675189657904,2.9420516954323896,2.143115437060698,1.1839022442537612,0.8467744973218121,0.7959228259968811,0.5126601827646735,0.21489539622868936,0.060833666066491376,0.015443840920904934,0.0018833952342566997
484,8.654446642776191,8.782583286662941,8.748053153266197,8.776434772035591,8.57800016316609,8.371902642644756,7.556602861953274,7.051704304919671,6.638425984017875,6.172160228096411,5.285380437539714,4.432386907307176,3.5352422762459583,2.6934852270413496,1.8511246138052435,1.3030555515317954,0.8051732304019936,0.4715684970553287,0.21415549226651054,0.06821135790243407,0.009902369363503631
807,5.455545540154877,5.503638662262451,5.434474801027907,5.902686783222892,6.447358190085906,7.491823689270433,7.8373070155481885,7.827131624443593,7.32608960679793,6.970430889415578,6.953919877434535,6.581318173920473,6.1827500242385485,5.366414873733956,3.621911264829913,2.577109785750421,1.6354541344245959,0.685494979980398,0.1739415913351745,0.024622526588008974,0.0005759655342224321
466,17.967779260802537,15.751752643272045,13.58514096687856,10.969252145510875,8.68732876583412,7.029221963430501,5.788898801720742,4.929051356235129,4.074357023305804,3.2054089673925485,2.363620307272013,1.758518736015251,1.3945553626911191,1.08856832086158,0.6976388570528611,0.4506658910036829,0.18438274206835253,0.06009760290226555,0.012269800084667723,0.001454876792792276,3.560887255085989e-05
470,4.917615855541628,4.82360528275837,4.587216378730902,4.782504042000473,5.901547768270751,7.005604301778481,7.4904172797790975,7.313068832088942,6.974721601540503,6.2532926408341964,5.739186513343142,6.576198521263647,6.817356077533745,6.332316020854906,6.12272240085745,3.642796156012136,2.5571329954402597,1.4203771322687886,0.5656529874470907,0.16031754682362345,0.016349664831870947
104,8.346669954765087,8.461168089315688,9.106499344199774,9.385362926761863,8.737563377708478,8.099083766984002,7.612961186610773,7.2810866385685715,6.90543224919217,6.3101903432264805,5.5101762365737486,4.5394760725524534,3.692568077273964,2.7221399066881187,1.5457423942401634,0.9612803097365028,0.5164470729824258,0.2061599222964713,0.05135680132167346,0.008246766950954698,0.0003885620506395528
499,5.871768250348732,5.9894456581972895,6.289132913367772,6.277826964846463,6.657770530647082,6.849971655509339,6.872583552551959,7.28628572520494,6.7641419899743305,6.450123250762753,6.1720924603654845,6.777199564322885,6.352987636706433,5.734345242265777,3.658350159557189,2.539538972082269,2.1373019866621656,0.9934903214711108,0.2791454613782429,0.044427600527398615,0.002070103250380581
496,11.739829825813615,10.814482107277579,8.24397875954292,6.669672196717937,7.320522416520578,8.763424890377735,9.4692180185454,7.6367852073350635,6.79614630688777,6.070695275840067,5.131115731717375,4.339156496130742,2.815607010615888,1.7499564363508733,1.0596353800083471,0.7446438415883091,0.403142039820586,0.17571188583781425,0.04681929550292915,0.00883675444922835,0.0006201231192440947
508,16.623268958685202,14.706433762212615,13.038257898798339,11.282668604533029,9.229678032136093,7.570140106829197,6.261092365574268,5.176924105653146,4.0754009338655015,3.173870892562459,2.492135705663065,1.9687122223992108,1.522947853297843,1.1867301906935979,0.8385616789121981,0.5061015029189019,0.2479875300183169,0.08211145587852853,0.015336209594381462,0.0016070582525355708,3.2931521568351856e-05
478,15.003434830038335,13.328996616432786,11.55645196750909,10.132406124404703,8.981710441507682,8.043401933448044,7.1929693923389015,6.0877473679744805,4.978327095251848,3.9867671211749274,3.1781181992519607,2.494466598183661,1.8788708126063236,1.3084614369897056,0.8880179119371004,0.5469875689866114,0.2776146966975474,0.10453638411939642,0.02625010026079961,0.004264536490180408,0.0001988643959151485
474,4.794744872283036,4.949182148115998,6.2419286553039885,6.571306086692567,6.24459136695628,4.394805582108708,4.5668167548468,4.62379878420586,5.278559579504575,7.119558415899585,8.315115947778901,8.521742371996794,7.334172975074357,6.252579501913158,4.992850619213595,3.6524415734495697,2.971586203958387,1.963217301235232,0.8496712882465245,0.30328285719611137,0.058047114019975664
480,5.102428190002127,5.565934455409672,6.59163404664204,7.511164318287428,7.529594304031756,7.991604117605362,6.824529208376981,7.025053754125088,7.7332692746934235,6.437341986500429,6.868320114675466,7.042617373018185,5.777721770223758,4.803374105082424,3.285026817992077,1.820157993809415,1.1860562193325823,0.6037001740609764,0.22659431190781856,0.06552883820205249,0.008348626020934573
454,15.444478609083125,14.60319287157677,13.421014659707673,11.300925859322374,9.56538249376716,8.030265909442763,6.6669161019302,5.118438447930049,4.174977298528058,3.239154880403127,2.4745892745985936,1.883889352091724,1.43475020436156,1.0613917800595078,0.7997424196193968,0.4706811214580819,0.22224252536992825,0.07225391636625285,0.014187748956612654,0.001497685190652641,2.6840236391624385e-05
458,8.201246649860504,7.755716321006062,7.73800728386657,8.491029471274443,8.997890408603324,9.106852004562533,9.112160333828811,8.181653406224374,6.328799229315723,5.828968072371308,5.139073062423042,4.501957743758496,3.6958804328879915,2.7811764265485444,1.9356027672045035,1.0859132747324247,0.6968621921102515,0.30340732453663466,0.09265475900325976,0.0221222118243097,0.003026624056891268
175,13.426863495808805,13.363741907849993,12.84524314961695,10.757722062122165,8.894508046123846,6.7957152464935575,6.3568699206847175,5.899238407983378,5.5002197983866425,4.418511157116397,3.2706751379845427,2.492551276897123,1.90003494230762,1.4724613286342818,1.050147847290844,0.7420543822538164,0.4426025631873396,0.23595450736982115,0.09693672436530867,0.031936517717252866,0.006011579805600538
516,13.405323019542005,12.538584515522802,10.961931013692393,9.74678936743042,9.795215439899557,9.016429587368172,7.678298545133259,6.187713567798908,5.0964432492932525,4.132892688144111,3.209590286563689,2.6457552623266003,1.9772108827175043,1.3859958853873524,0.9555329994820656,0.6762412388094883,0.3796716327443632,0.15838693073307772,0.04594062835234297,0.0059730834419712935,8.017561667075562e-05
540,7.088443746551797,7.675168696685482,7.670571093097937,7.670924754912362,8.09637991766753,6.932125224575253,7.389056288814384,7.241579312198504,7.046357990635037,7.37703178712388,6.330192816421225,5.724370128308506,4.33094257946781,3.435470865339728,2.7638670797436657,1.7371868324633253,0.9375574700448444,0.3833694068384048,0.13792810762636334,0.028646606968552393,0.002829294515412582
562,19.91394173641748,16.466943812415227,13.461270757028132,10.820876009873396,8.547286765371759,6.6683614520856285,5.178119988491131,4.110130622740551,3.4872240534494026,2.8586548531600418,2.352612976030469,2.021293294299502,1.5165598281202737,1.1513329983515308,0.7800402896195523,0.4333414168820791,0.17241424427963806,0.04954802123435146,0.00905591972517021,0.0009738009368136608,1.715948787336847e-05
566,16.624584502498195,14.570776778917525,12.492168046967194,10.556461808658952,8.7103379610486,7.334460459489274,6.362727284502357,5.500202939733322,4.556386262640801,3.6312684939272315,2.8605722201348067,2.297577736004265,1.7593917242815358,1.2556597126694629,0.8314913621448159,0.44016826270775017,0.16669635446374834,0.04164435686396407,0.006722610362434635,0.0006881843176348704,1.293766613051817e-05
558,10.099500389733286,10.076110281533794,9.679288158494185,9.19348890276101,8.987118176726552,8.880159229956694,8.327275738362008,7.559022974861209,6.208538321430503,5.02445801712382,4.057977524107393,3.4951635489531587,2.9539369172906835,2.1164763222133307,1.2027343357316214,1.0104190633506795,0.6284162773153228,0.32526153074279096,0.13074627431173347,0.03802611319956819,0.005881901800656389
528,5.049428786903434,5.260435060356941,5.573598878220557,5.969092341974281,6.002951841836303,6.319133711510043,6.2392957130445685,5.9022682297055615,5.980603051203588,6.8985177739270975,7.515370130715567,7.226116769828279,6.457817871335305,5.880410749832633,5.392866705870147,3.5378995365418815,2.4911151713136284,1.487642189135692,0.6193615510259564,0.17982558701985046,0.016248348698687416
578,5.599644831738478,5.857115793516803,5.956244623627428,5.998855891184357,6.573977864078609,6.894082927252788,6.915202647996536,6.614153670880758,6.503665554348979,7.082859022703514,6.908695691781473,6.132304267503573,5.690519123107707,5.1257339149436705,4.817081094708004,3.1240826353693225,2.0260802523360435,1.3039010689813584,0.6413070132531825,0.2154732072359584,0.019018903451456896
524,9.459338158296804,9.695157915871368,10.402858373850707,11.289102334344705,11.035987147132865,8.765000761656049,6.802822384816039,5.8799567152861165,5.447462615761058,4.892757500389567,4.2625648954371025,3.4957845361381854,2.7885944121780515,2.2567494645163007,1.621827531289942,1.1459165903088129,0.5052027155082888,0.19225610770201,0.052459540823820316,0.007878718351338687,0.0003215803408709668
554,6.302155397525685,6.621511492010766,6.6429621861477015,6.340227243552351,6.887721714667299,7.20068023370803,6.622849547005662,6.020682985083614,5.897958253520444,6.614277632194606,6.553876993440603,6.56129901724042,5.739795971701809,4.952643306735308,4.312174920584345,2.9265353449317613,1.936834605112792,1.1303010498295862,0.5715376468044947,0.15013395184925474,0.013840506353461443
512,9.047491935665423,7.4253184728739265,5.924190430858984,4.413333729983886,7.505037194029657,15.04283825984042,16.47329282137539,10.934429643303947,7.6195901420545,5.3998880802220395,3.465392507163831,2.5945569359709526,1.708826868465316,0.9880417898159436,0.5500712362954553,0.4914178756468353,0.2397189784425784,0.10836198329565153,0.048623193765939716,0.015638216101654032,0.003939704827666054
586,12.775852284786673,11.5930179161606,10.685502794521804,10.054090055426556,9.495333918126882,8.687390141977351,7.537313557923036,6.243191748011986,5.183578864569528,4.322156996173122,3.706765289660856,3.0764538349416317,2.3169434836142297,1.6080677405976322,1.2282442252745391,0.83339244944748,0.4306123496219849,0.16950174898042425,0.04462856811000812,0.007582931665830869,0.000379100407846008
591,9.162239428792116,8.994969904202108,8.621975113271352,8.351842955510968,8.119836851574496,7.656130782490746,7.37730899294468,7.0126741458727775,6.696362129218827,6.185063252983676,5.375750040033535,4.518514332005163,3.613473874586712,2.7721573835966127,2.0702517873795463,1.49586477143207,0.9919132261376588,0.5779900340049547,0.2782095119676717,0.10352200902402954,0.023949472970299833
604,8.643602173355765,8.242359028918138,8.368475354179832,7.702901915081981,8.207493329378094,8.475653160511838,8.059448678397741,7.530600457169756,6.815024652679497,6.077883482554016,5.308232777497903,4.488899604072068,3.685847343541288,2.9943284103437224,2.118822550107101,1.5415806763988773,1.01264940498231,0.5116137691306879,0.17124333699102767,0.039322726327297344,0.004017168381058382
608,9.966524851285122,10.509131519110909,10.00022827202278,9.631228582039864,9.291970849773683,8.602084330751659,7.44064867287474,6.590448229135388,5.946348379252916,5.233340531116483,4.628720272078053,3.8183185190525095,3.02601389081505,2.1908351890609383,1.446561103250155,0.8615529996858393,0.518098872900413,0.2116251837760895,0.06964331534516496,0.015178979602229897,0.0014974570700146364
598,12.48393509705144,11.800329963620596,11.201682657220124,10.362279727519647,9.299714372605932,7.967154957675484,7.141630600040862,6.534425980322281,5.6594720285812,4.717711781255473,3.8443644622412254,3.090591638513561,2.387228340910145,1.6830218459890984,0.9704631398001784,0.5215061463956904,0.23494439854336524,0.07891871110681156,0.018949150529978,0.0016408164018742225,3.41836750390463e-05
616,4.958882510108143,5.104243400970815,5.122288801900983,4.6001255814211275,5.44113839373497,6.738142677703121,7.685421971258799,8.411608812025621,7.6381903711936605,6.607575478841852,5.885405765501639,6.395813213604286,7.294353824466312,6.312562074780331,4.5707678229676745,2.6510982303788264,2.360006936275215,1.4426343909921329,0.6124773244770014,0.15552776001332355,0.011734657384163807
630,3.2086613367950685,5.831995865554148,7.219121539344734,6.342699471330918,5.400960795035392,5.553411667809821,5.815768983747209,6.340858606588113,6.891720335828272,7.052693730560128,7.224439593046168,6.881356949128044,6.5374561431020055,5.55013901937817,5.233339833176746,3.7518868863613735,2.545915939297826,1.5432923661384519,0.7371981493173119,0.283288629864826,0.0537941585952702
408,6.7928167041135135,6.515151450215161,6.685332751607495,7.415348546336718,7.62421503149069,7.688100715662262,7.17402687126086,6.787073732931657,6.3573093548831645,8.698341555379717,7.950539693184298,5.680121881900746,5.3735469630299555,2.453370794856433,3.0123247512278524,2.134581347725723,1.1524514558217656,0.38523881857342335,0.10167085006142523,0.01750943859651447,0.0009272911406253768
620,3.97295059796534,4.403629586733186,4.874968927785141,5.1876566200979495,5.283860695559963,5.243366583292409,5.628456692226559,6.630668857905661,7.655841703518168,7.864248011329355,7.235596720495184,7.16262713205266,6.4982342376594655,6.0411622015576105,5.434444814084011,4.320225992545796,3.3992660796633887,2.1309916569025105,0.8049146025034963,0.2087974607913142,0.0180908253308323
600,9.907548136959182,9.696948275135178,9.574883823003564,9.415060161351064,9.627888668248293,9.05712840643786,8.30912698294405,7.060021102571758,5.527806321942117,4.4555157475067215,4.091125180438628,3.5903897985404223,3.0657497140733536,2.4855070643080506,1.7214934647467386,1.1734455094150318,0.7296896263953341,0.33226684859224154,0.13993619829206294,0.034281387591330086,0.0041875815070154775
275,13.857850228308306,13.226444175980273,11.565372297307878,10.28686186394166,9.996201887734063,9.079877191693457,7.0734220068084985,5.698152053770992,4.788311450023707,3.8959156642420583,3.230563481672502,2.469676329369405,1.6579603173551647,1.2442431096983957,0.9348334672308428,0.5632728967752582,0.2965016816483325,0.10384584963891837,0.02579584704929637,0.0046773792704171615,0.00022082048057763424
258,7.115337792354735,7.275389925667063,8.173400552842267,7.654215780352616,7.591913607653858,6.976411108405781,8.196316294524571,7.254264476303692,6.859325990747769,7.4118102003695165,6.666332478767133,5.757222039214562,4.389796766015955,3.4842669111012454,2.0104982741582047,1.7165322753899257,0.8289053436645136,0.48839174460405893,0.11636900073043928,0.0304349694218072,0.002864467710287736
634,4.77000753159084,4.714147350119401,4.107276971516603,4.027582641819362,8.937946824073267,16.478400435582298,16.758054441431728,12.17158750610419,9.072018321574566,7.274146728666054,5.210074182462233,3.2211763052550584,1.7346316529493786,0.8786502880754049,0.3881964823622007,0.11599285469891114,0.07987087894335983,0.035062680278848936,0.017089967024131812,0.004978688740501209,0.0031072667316603287
638,7.395624632283046,7.621963909459788,7.7354710320598565,7.93019930680784,7.059378061964315,6.054575664477895,5.512013868342987,5.759502143585948,6.5280657328859055,6.8608249684171225,7.36457610320711,6.566426415548563,5.409306234117159,4.3771676316834505,2.953660070354167,2.1291866297834137,1.4371194164676449,0.805461841245271,0.3473835427046644,0.13904341281831772,0.01304938178553791
642,4.855318670325447,5.158511751210639,5.5601372362849695,5.124759367087027,5.298540767106586,5.933220887355137,7.199890645580447,6.3358740230476736,8.039011269970633,7.8461950951836865,7.531279567548095,5.4239554551154745,6.903266266134242,6.314794275190788,4.534004855674991,3.1238823008508643,2.8194756627029647,1.3911755693055323,0.4977030717664716,0.1031936799177136,0.005809582640615913
643,6.444021086202841,6.280743979987916,5.429974254802954,4.713047663340124,4.697525177799915,6.681844924083133,8.754816208814812,8.008307570095388,7.16720040877958,6.5321516208527575,5.995573921914432,7.3378291528045665,6.86241524322202,5.541750135531254,3.4113066475690434,2.2558929762771815,2.4342243501449348,0.90430286548593,0.4685400870982616,0.0725381249156925,0.005993600277261769
646,14.642182394842264,13.098910139403575,12.024999572342805,10.446437678942855,9.128263578749431,8.044706966123847,7.629119209917593,6.296967055190586,4.554081845350289,3.4626294138182057,2.817666930441399,2.893908704376105,1.931925528093276,1.386615090153304,0.8118359038170464,0.4835060540419307,0.19817951084887106,0.13109276866533576,0.012299104074020809,0.004632952919061283,3.959788819710498e-05
682,8.743415861241083,8.582346794051182,7.534560354195538,6.523446045787375,7.0714152918556845,8.855314449009471,9.841519605349854,10.255564223372412,10.176862275004568,7.8060455994478195,5.239118959556157,3.678675556806072,2.279339156927337,1.5348280633814189,0.8141785134693118,0.5752537554208994,0.29876975460487376,0.13191403692875173,0.045963455274079607,0.010645335841523863,0.0008229124745914832
729,14.589044037945554,13.341336465635614,12.225333487397833,10.958842004868727,9.434028545891076,7.809189947492173,6.3442434871252535,5.4742718939939055,4.601179770639628,3.8654003199991616,3.2206908344725256,2.5375002595575755,1.9716355481366663,1.4857390951307887,1.0186966241305229,0.6232394901604846,0.3236639173066965,0.12969820525366954,0.037820078869532814,0.007829354271904272,0.0006166317206989045
686,15.861725203559251,14.508349440712562,12.46959980820258,10.504836018298807,9.08499756479376,7.796630180197898,6.6370277388921375,5.565610629268706,4.364544943499963,3.4798075472186705,2.757977685938597,2.171509332666354,1.698845527538326,1.296258716900049,0.8609222635654671,0.5622482221644451,0.27296891618932595,0.08700101820277546,0.017095841212648642,0.002012719281316853,3.0681696361537396e-05
702,4.306482974297517,3.850169407660679,4.174909059459281,4.87479890054721,7.054615320737477,7.444978259378928,7.4958884228393154,7.990139106207043,8.209233708144696,8.422436169336681,8.054694227183719,8.258713907622948,7.469959557862028,5.669100821419551,2.874692773099862,1.6069004893233378,1.229114342331999,0.6550613316720483,0.27308866362457623,0.07260082193640552,0.012421735314700616
090,15.220334985018384,13.4541914929511,11.456642894146347,10.243632253990246,8.868339451883413,7.356592283610098,6.252416690429233,5.861118119617032,5.448769148772582,4.495678696248699,3.234894098572604,2.567103748613436,1.9093160710100159,1.372157636144582,1.0407258058496225,0.6854069967946661,0.3214291579392106,0.1616849874817302,0.0400106894229951,0.008957617034998902,0.0005971744689999268
694,14.68425193393699,13.560513627758741,12.479600246096126,10.922736336052532,9.423799983796666,8.140383327870362,6.902901715006398,5.7419571758434165,4.61600467004138,3.7108705810558966,2.9255464497484835,2.260083471486164,1.6836236387951835,1.2304934452651772,0.8612596594458588,0.5099570509267193,0.2372265319477649,0.08373002276785961,0.021143686580939174,0.0036988652674887533,0.0002175803098522796
222,8.949554896142434,8.888611694338774,9.019872783196844,9.346592185696244,9.918138079041768,8.842032679687922,7.156665711120236,6.274809988301013,5.875030022235824,5.250629498493078,4.627189686296688,4.022437263211721,3.358678556763332,2.7935012512493125,2.1073672629792903,1.6555229292404956,1.1208559629971102,0.5588242130300377,0.18654848881623293,0.043851833486995534,0.003285013674644188
706,17.802186971804407,15.184544929561833,13.392751338381519,11.457493816254532,9.555798630128294,7.153433427620423,5.381247544989265,4.1864141373391766,3.5836713634078974,3.1306607707124554,2.5619854190655564,2.060013834183799,1.6605877158094466,1.2540903894642628,0.8354321395208907,0.4699698359881229,0.22778743845232235,0.07604786301231127,0.021738136591649262,0.003904705500376678,0.00023959221146589897
688,4.809553513656963,5.0944868282037366,5.636880391161744,5.881470477055544,6.105142274003823,6.656302138977692,7.039226522612044,6.828641480818784,7.110941484877047,6.87940395530075,6.471856408656956,6.299767858290961,6.445785494859459,6.793051890580137,4.991229138139136,2.945443278492077,2.4034373023592184,1.2218788658935906,0.3375767250919607,0.0467726101054373,0.0011513608629415471
728,15.348378741023526,13.875585975301465,12.344070251316364,10.746780474941811,9.479075109791413,7.994205085411801,6.561974190645134,5.229923071659093,4.385021198029707,3.605432343712272,2.9513439249806974,2.3307482033495766,1.7706743729701548,1.2873037908761191,1.0138659765995879,0.6257936435832828,0.3046163061252403,0.11260958914449708,0.02780662247800217,0.004574171317902828,0.00021695674235112225
678,14.673933261411404,14.18706521334772,13.285406048882107,11.177969569584462,8.369759309549496,6.940776012797143,6.549235519511923,5.788475131133515,4.9072765150106035,3.4662028942375653,3.348089728804732,2.42271492876009,1.9237565566757189,1.1988021278970278,0.7714556750120903,0.4757077489676723,0.34317919720248496,0.1176481529704996,0.04603623377106506,0.006045162010341877,0.00046501246233399064
740,9.022073988196704,9.035834753845704,8.854020637708281,8.683559153231286,8.374457954840606,8.022698382938026,7.315223019008777,6.719209856836435,6.108403871591415,6.4171610508408685,5.641741906519679,5.310623483090598,3.4804416517735044,2.5481497790537064,1.8910732193139224,1.2352007265684262,0.8019086181955164,0.3679284715401565,0.13451148421898196,0.03199378013392665,0.0037842105534751955
703,5.202132595640252,5.213714025184479,5.112010015737551,4.834165656956591,5.558866280667882,6.911841132106727,7.6430654724600195,8.130639991262617,8.304856210688193,7.161116743008812,6.351131351736077,6.736635360156803,6.667769834480847,5.934584714125607,4.1232454683991895,2.8413901233862044,1.7970273842168574,1.0339724376636883,0.3570452108223328,0.08187630886646392,0.002913682432803886
705,4.949452867095727,5.24998388380173,4.9061556180105015,4.380478906061327,4.7099709715998905,5.450979335666252,6.631310453784035,7.3309458909467375,7.56104671580744,7.0611559210912445,7.320362118948128,7.213033049271308,7.048936475238303,6.477653327586025,4.504164714281454,3.7909146976841743,2.807249306522394,1.7527688590790005,0.6796705945289596,0.16467387068747372,0.009092422307897322
752,5.955019090029474,5.9142374983198645,5.756202603107033,5.266006475833794,5.644289864753177,7.358003489501356,6.710220835358047,6.136050299355615,6.110812143528486,6.614977435614057,6.711326810603532,6.0483195602881565,5.575888783129313,5.357104959342457,5.579097107715313,4.060314110918955,2.5588879508580327,1.5883000174066555,0.7850830044385477,0.248077222180762,0.021780737717372708
748,12.502384305650999,12.625540769231439,12.7045385856865,11.0840817222395,9.862707543464044,8.633494551589406,7.142639398048832,6.652190991810183,4.999682092579866,3.67927757498478,2.4795036811937297,1.9114510252732044,1.7086870597744337,1.4645515806966614,1.1646734306913922,0.7692488587994597,0.4175474444162828,0.15512140144042544,0.03658112779616995,0.00583556086272235,0.00026129376997264246
690,8.211497733806693,8.108163411464995,7.420632078656857,6.500854298605497,6.673760243909925,7.3408293346702,7.344921783079772,7.620138938623505,7.657994086412049,7.568983333503853,6.904983579050755,6.1560655200990375,4.684830316857818,2.851413429369456,1.6451642606480392,1.6103784491666753,0.9248933405633256,0.5146253875037088,0.21280731729775632,0.04194759619811543,0.0051155605119652964
760,10.698962374749064,10.2136761449765,10.145311120031176,9.182664785486134,9.289769991233813,8.716359076778081,8.8091117280171,7.78144539245508,6.026649354556836,4.634135225199197,3.899378165324088,3.331017006781201,2.57962855823259,1.9309985417804616,1.135872880186281,0.8216866747134702,0.4805879649905461,0.24146854869077755,0.06749215530377856,0.0129055826867654,0.0008787278270607397
148,18.00807831900932,15.484186814701454,13.328655720911462,11.260564917957005,9.288950655055952,7.5154315432947945,5.9677308705237815,4.7034335614949665,3.6793085946205664,2.8440355926631926,2.1942471261780203,1.78700764199547,1.4467154143361691,1.0912791604026415,0.6729465985889906,0.4206966603251972,0.2083918348426984,0.0757452146444678,0.01917616246235471,0.0032545547148339093,0.0001630412766583461
768,14.897742107223893,13.69685508896598,12.403816756964149,10.683687769870158,8.912336113750948,7.654312311541719,6.894831075927215,5.991221127396098,4.9478128848273135,3.9131768336447315,3.0218776473551845,2.3295797674911496,1.7654375411931096,1.2893884075181514,0.8564702458774722,0.4755418560348532,0.19849402878540784,0.05613460129647792,0.010157925427464926,0.0011259089085253454,0.0
764,5.239334376254614,5.602221114679099,5.981933565480768,6.412176294801762,6.974192430796377,6.838541139067837,6.424717662320116,7.0057928852328,7.773550930943039,8.126302026836948,7.990633500063718,7.17262811781779,6.051665120036844,4.435320977788322,3.1183265817200145,2.199852378969735,1.4861649772085923,0.7720840419270613,0.3072304703640462,0.07592611686787935,0.011405290822636008
762,14.449486928634336,12.603841874438032,10.017784528586617,8.658952992606068,9.01082424107311,8.764692459186078,8.188532524809776,6.154152822066847,4.9083990029849724,4.329385304595858,3.944266632535935,3.4198928593996607,2.46379608761828,1.3839682618528029,0.7722006479331721,0.4274852663704402,0.3365832269698293,0.11557744251891665,0.04466247964413348,0.00533203276078173,0.000182383414352695
795,11.36991437698562,10.838569702869057,8.549780599229834,8.052767256795331,7.989927456549831,9.35877150378301,8.60087369873314,7.068821193336893,6.207306717126992,5.258180028791197,4.717444725714538,4.155218682168273,3.240019427494752,2.0737975535223776,1.045725631401994,0.5982234545599582,0.5645652862442095,0.2107674499932179,0.08394347177947707,0.014186917945088046,0.0011948649752090762
626,13.46140610415592,11.844540216329666,11.985981181932983,11.665438370327866,9.861892060978146,8.63354416724215,6.631330913860209,4.982913405494776,3.5941007749480134,4.2231225432462125,3.6278177027790943,3.0043638675172204,2.1972455744598918,1.518885732867586,1.3770581052478543,0.8151608629986876,0.4069231060714443,0.12767579781907154,0.03510891109016262,0.0052586034231961645,0.0002319972098468896
776,11.713254925978735,11.85775668201001,11.501765600926342,10.76681627223748,9.001215345895098,6.899719609175383,5.872895872608782,5.792510789783439,5.033637329301318,4.7762136712058725,4.558982554523097,3.5292879221413056,2.753189086768041,2.1751820626429463,1.5388001569423044,1.1014670277615626,0.7004985789065715,0.308142817497153,0.10430921461860147,0.014354479075954331,0.0
780,6.472545268031047,6.948971625892763,6.839578513931135,6.329316278713003,6.239995297386536,7.263387215056393,8.646930505265706,8.848081928702358,7.018292162764907,6.35239922894344,6.067518346285832,6.599573180479279,5.255242231189367,4.166615888955239,3.025443576165492,2.0305110722890616,1.11873453818687,0.5137031718984436,0.20452067393612333,0.052689342917297814,0.00594995300970846
788,8.715540749632376,8.4154394817011,7.094946017941943,6.732945015609182,7.1681157965403015,7.815185640629758,8.056687809258179,8.326031604521665,6.99221588821416,6.139959412449327,6.051740105940127,5.430006484123304,4.467580623356576,3.401484037367636,1.9994836985822404,1.4710828024170568,1.0270960764427088,0.5209872934954658,0.13938770140607912,0.032108509832515,0.001975250538298526
792,7.980286902226447,8.202815818130366,8.107904667464155,8.176409125360019,8.04647923128776,7.640531016764827,7.681170067120178,7.599434095380553,7.085584138014696,6.3650893141567835,5.555143032137259,4.830548944093672,4.00257788580977,3.151428005647923,2.2552569377439355,1.6000782551930277,1.0247549170404218,0.5263575075931978,0.14220371432410078,0.02455842804101906,0.0013879964698862838
158,4.303659970368321,4.268390171550029,4.208850040092319,5.364399695615537,6.488591408361135,6.7970559792067595,6.986839885334666,8.315100088201838,8.401282903704281,7.327301756074238,7.7051702244156095,7.7601339049354205,6.955545037009312,5.646049124246899,3.511109523935112,2.376015089837457,1.8161149204036144,1.1134950999376163,0.4970328571931524,0.14192466093356826,0.015937658643113424
834,16.426299930622047,14.588683296560646,12.82882141045306,10.679558257454415,8.803683156660025,7.7035591528183875,6.524406383047278,5.4367587906938635,4.46001972124659,3.5317950494350865,2.741665995896489,2.090692805630835,1.5635114080034638,1.1195704487203368,0.7825418368798069,0.44150670572206985,0.20284641820189997,0.06234412997769296,0.010771399610116021,0.0009516345366171645,1.2067829268695925e-05
800,17.360719900097553,15.578460219201956,13.560783840156448,11.440382310320626,9.399850511367996,7.688377576235353,6.160445996480608,4.8657919487706085,3.8105415349820175,2.9593793138390923,2.299169856723533,1.6888930994544855,1.2246443591172422,0.8766198790153609,0.5620269283289225,0.3221331159018945,0.13789828217733316,0.053698264679993515,0.009238848331700043,0.0009306614945379996,1.3553322735990289e-05
804,4.964228581843063,5.691885984527357,5.283624727327083,4.444308010591438,5.084632341086189,6.657179993027628,8.337156802404385,8.163399880296343,7.485447386114397,6.864664515280082,6.4924107330688665,7.159913990300826,6.666208570179106,5.768940298942736,3.826959726885996,2.9046923893072463,2.7429963006246147,0.9013256756209074,0.4798170499315095,0.07589505601979812,0.004311986620430593
858,6.869771221391843,6.7977552270814785,6.790504519270849,7.1702567299423325,7.401095001315816,7.402423816293062,6.808183535924657,6.442817191745981,6.7831093750496505,6.252334453485843,5.648041398941742,5.621320662986236,5.070757953174295,4.221847393688302,3.518037652261253,2.7433385205262915,2.026962811379625,1.3959779081621304,0.7181089460735106,0.25859894948509865,0.05875673182000566
840,5.957516279379003,6.165272550157633,6.4265340689600166,6.457875301243371,6.81809753666326,7.215323412917943,6.899374508525928,6.465790456780903,6.123889834175182,6.119420807171612,6.3411390646666845,6.5917759321635625,6.208395652217157,5.292404355581911,4.181198690348385,2.8111097604488777,1.8978823561431195,1.1739160878095063,0.6241099837452438,0.201638632902334,0.027334727998366358
860,10.413758047451443,9.792874627653534,8.591214859506245,7.693274894892517,8.708955856297951,9.67086156678026,8.964997726770726,7.436832802660504,6.1969366965908215,5.387269885753363,4.720888528689306,4.460153148494552,3.3667927820005725,2.122069758955833,0.9448144221730131,0.7118277506187898,0.5090396299889196,0.2095979545029723,0.0814693838692136,0.014774853278551462,0.0015948230709045903
670,7.072844328703702,7.4562355324074066,7.663302951388888,8.341471354166668,8.314344618055555,7.350441261574074,7.1885850694444455,7.028537326388888,6.745515046296298,6.2635633680555545,6.20750144675926,6.050166377314816,4.575376157407407,3.365523726851852,2.348271122685185,1.6122323495370368,1.3599537037037035,0.8201316550925927,0.19440827546296294,0.03707320601851852,0.004521122685185185
862,8.483407881405371,9.615940312166282,9.304124011408682,8.691572974840499,7.5829079906078825,7.472267682355218,7.452180592476572,6.9682984481460615,6.531618159570888,5.922402112959862,5.547996011197712,4.8483880601327805,3.9673159762360752,2.8895987168950517,2.021017941334195,1.2980370059743662,0.7673492770401056,0.40280085852671016,0.1687694286836069,0.05447500945790527,0.009531548584175778
850,5.863509882481186,6.73270924372962,6.894309565017834,6.458275562015317,6.274682297593206,5.804224557511545,4.457873951749394,4.968492718423393,5.441819103261649,6.144637068627545,6.900046854531026,7.123801145545473,7.060690960900372,6.286156876619589,5.977299457826141,4.086862563229712,2.1074976811788217,0.9705581426481416,0.3442373707914591,0.09275284712992092,0.00956214918865164
704,8.180367654627322,7.8015525827152015,7.231921649814263,6.712471043163093,7.407210170103376,9.061873384125851,8.651606583712711,7.911379128386653,7.195952085102182,6.678705452701753,5.986636804439695,5.324915824200273,4.301756543634279,2.8746033921900547,1.5822119664045904,1.1546699887034395,0.905881104172854,0.6287142369801232,0.27799413504413706,0.1059431554817686,0.023633114296373398
548,13.792758485004105,12.926417724304892,11.991383277422454,9.56176095931066,8.519350944704918,8.222901007729707,7.385905122681588,5.8046164824831115,5.209382357060443,4.238667209102247,3.7321346396249186,2.8571238020287977,2.1408420645453883,1.4972555871976312,1.0037281330656724,0.572558539692279,0.4275014839170073,0.09437045237793533,0.01900747627400111,0.00233425147224575,0.0
882,13.952296631539426,12.501712389582586,11.410856803640918,9.547269563099652,8.357475912386539,7.203705864744054,5.755658496242889,5.3264195075421235,5.070195288518619,4.916460757104514,4.481133272110121,3.682525508262597,2.8615932580051036,1.969121176297484,1.3135930753502154,0.9213924391023526,0.462725718315719,0.18062539004429384,0.07712095305261983,0.008117995058170508,0.0
887,14.055009817254158,13.231422126429115,11.93696012217576,10.79308490023394,9.983529206339693,9.437738705974182,7.653120394465081,5.904024432957471,4.4179221108951605,3.2606938596159747,2.5725019084818896,2.1690854258508754,1.6827800307538032,1.2272716455383152,0.8543504094140296,0.4743274465928549,0.2329064593204796,0.08528244468934522,0.023331795483164657,0.00439614371096665,0.0002606138237390526
710,9.88009259222101,9.897840726741453,9.190441035422037,8.297448420049728,8.47060928220434,9.002175559601175,9.0937134461305,7.885043797488064,6.298388236113612,5.392099462233062,4.484741667645322,3.7021689866607566,2.9900526257035582,2.249906063647683,1.473503305690382,0.9698613519419896,0.4990584847738066,0.18125877939659651,0.037374739932108984,0.0041377590631225475,8.367733969996073e-05
894,16.244876976327348,14.935680655442455,13.281985802165766,11.499390236869823,9.422808332373142,7.760328993271049,6.4763439787416575,5.379363815107234,4.338573007587355,3.2075970517720305,2.3112827622409764,1.757602611360574,1.2688795060801072,0.8928206508089062,0.6073108645333747,0.3618547504024683,0.1791553613301447,0.06094831911747103,0.011891808727311085,0.0012765218407848056,2.7993900017210652e-05
716,14.598505258143954,14.845100246683755,12.714373425451909,10.886887087012283,9.22089776280341,7.595938184853312,6.824867098854854,5.894367897463463,4.854312650353639,3.378798580202809,2.5683774479921166,2.0391353723526287,1.5977702869528547,1.2069054517327948,0.7620853735543655,0.5828832283452523,0.2915645190540803,0.10838844934461654,0.025413998265129318,0.003291119603383216,0.00013656097939349443
